ingredient,species,source,Status,Notes
"Okra, raw",['Abelmoschus esculentus'],plants,Yes,
"Syrups, table blends, pancake",['Acer saccharum'],plants,Yes,
"Syrups, table blends, pancake, with 2% maple",['Acer saccharum'],plants,Yes,
"Syrups, maple",['Acer saccharum'],plants,Yes,
"Syrups, table blends, pancake, reduced-calorie",['Acer saccharum'],plants,Yes,
"Kiwifruit, green, raw",['Actinidia deliciosa'],plants,Yes,
"Fish, fish portions and sticks, frozen, preheated",[],animals,,
"Mushrooms, canned, drained solids",[],fungi,Yes,
"Mushrooms, white, cooked, boiled, drained, without salt",[],fungi,Yes,
"Mushrooms, white, raw",[],fungi,Yes,
"Leeks, (bulb and lower leaf-portion), raw",['Allium ampeloprasum'],plants,Yes,
"Onions, raw",['Allium cepa'],plants,Yes,
"Onions, cooked, boiled, drained, without salt",['Allium cepa'],plants,Yes,
"Onions, dehydrated flakes",['Allium cepa'],plants,Yes,
"Onions, frozen, chopped, cooked, boiled, drained, without salt",['Allium cepa'],plants,Yes,
"Spices, onion powder",['Allium cepa'],plants,Yes,
"Onions, frozen, whole, unprepared",['Allium cepa'],plants,Yes,
"Onions, spring or scallions (includes tops and bulb), raw",['Allium fistulosum'],plants,Yes,
"Sauce, worcestershire","['Allium sativum', 'Capsicum annuum', 'Allium cepa', 'Tamarindus indica', 'Saccharum officinarum', 'Syzygium aromaticum']",mix,Complex,
"Spices, garlic powder",['Allium sativum'],plants,Yes,
"Garlic, raw",['Allium sativum'],plants,Yes,
"Chives, raw",['Allium schoenoprasum'],plants,Yes,
"Toppings, marshmallow cream",['Saccharum officinarum'],plants,Yes,Removed animals
"Nuts, cashew nuts, dry roasted, without salt added",['Anacardium occidentale'],plants,Yes,
"Nuts, cashew nuts, oil roasted, with salt added",['Anacardium occidentale'],plants,Yes,
"Nuts, cashew nuts, oil roasted, without salt added",['Anacardium occidentale'],plants,Yes,
"Nuts, cashew nuts, dry roasted, with salt added",['Anacardium occidentale'],plants,Yes,
"Nuts, cashew butter, plain, with salt added",['Anacardium occidentale'],plants,Yes,
"Pineapple, canned, water pack, solids and liquids",['Ananas comosus'],plants,Yes,
"Pineapple juice, frozen concentrate, unsweetened, undiluted",['Ananas comosus'],plants,Yes,
"Pineapple, raw, all varieties",['Ananas comosus'],plants,Yes,
"Pineapple, canned, juice pack, solids and liquids",['Ananas comosus'],plants,Yes,
"Pineapple, canned, heavy syrup pack, solids and liquids",['Ananas comosus'],plants,Yes,
"Pineapple, canned, light syrup pack, solids and liquids",['Ananas comosus'],plants,Yes,
"Pineapple, canned, juice pack, drained",['Ananas comosus'],plants,Yes,
"Pineapple juice, canned, unsweetened, with added ascorbic acid",['Ananas comosus'],plants,Yes,
"Toppings, pineapple",['Ananas comosus'],plants,Yes,
"Guanabana nectar, canned",['Annona muricata'],plants,Yes,
"Celery, raw",['Apium graveolens'],plants,Yes,
"Celery, cooked, boiled, drained, without salt",['Apium graveolens'],plants,Yes,
"Spices, celery seed",['Apium graveolens'],plants,Yes,
"Oil, peanut, salad or cooking",['Arachis hypogaea'],plants,Yes,
"Peanuts, all types, cooked, boiled, with salt",['Arachis hypogaea'],plants,Yes,
"Peanuts, all types, oil-roasted, with salt",['Arachis hypogaea'],plants,Yes,
"Peanuts, all types, oil-roasted, without salt",['Arachis hypogaea'],plants,Yes,
"Peanuts, all types, dry-roasted, with salt",['Arachis hypogaea'],plants,Yes,
"Peanuts, all types, dry-roasted, without salt",['Arachis hypogaea'],plants,Yes,
"Peanut butter, smooth style, with salt",['Arachis hypogaea'],plants,Yes,
"Peanut butter, reduced sodium",['Arachis hypogaea'],plants,Yes,
"Peanut spread, reduced sugar",['Arachis hypogaea'],plants,Yes,
"Peanut butter, smooth, reduced fat",['Arachis hypogaea'],plants,Yes,
"Peanut butter, chunk style, without salt",['Arachis hypogaea'],plants,Yes,
"Peanuts, all types, raw",['Arachis hypogaea'],plants,Yes,
"Peanut butter, smooth style, without salt",['Arachis hypogaea'],plants,Yes,
"Horseradish, prepared",['Armoracia rusticana'],plants,Yes,
"Asparagus, raw",['Asparagus officinalis'],plants,Yes,
"Asparagus, canned, drained solids",['Asparagus officinalis'],plants,Yes,
"Cereals, oats, regular and quick, not fortified, dry",['Avena sativa'],plants,Yes,
"Oat bran, raw",['Avena sativa'],plants,Yes,
"Cereals, oats, regular and quick, unenriched, cooked with water (includes boiling and microwaving), without salt",['Avena sativa'],plants,Yes,
"Oat flour, partially debranned",['Avena sativa'],plants,Yes,
oat flour,['Avena sativa'],plants,Yes,
"Carambola, (starfruit), raw",['Averrhoa carambola'],plants,Yes,
"Bamboo shoots, canned, drained solids","['Bambusa vulgaris', 'Phyllostachys edulis']",plants,Yes,
"Nuts, brazilnuts, dried, unblanched",['Bertholletia excelsa'],plants,Yes,
"Chard, swiss, raw",['Beta vulgaris'],plants,Yes,
"Beet greens, raw",['Beta vulgaris'],plants,Yes,
"Beets, raw",['Beta vulgaris'],plants,Yes,
"Beets, canned, drained solids",['Beta vulgaris'],plants,Yes,
"Beets, pickled, canned, solids and liquids",['Beta vulgaris'],plants,Yes,
"Mollusks, clam, mixed species, canned, drained solids",[],animals,,
"Cheese, feta",[],animals,Yes,
"Frankfurter, beef, pork, and turkey, fat free",[],animals,Yes,
"Frankfurter, beef and pork",[],animals,Yes,
"Frankfurter, low sodium",[],animals,Yes,
"Bologna, beef and pork",[],animals,Yes,
Blood sausage,[],animals,Yes,
"Salami, cooked, beef and pork",[],animals,Yes,
"Cheesefurter, cheese smokie, pork, beef",[],animals,Yes,
Fat used in pizza recipe,[],animals,Yes,
"Ice creams, vanilla, light, soft-serve (formerly Ice milk, vanilla, soft serve)",['Vanilla planifolia'],mix,Yes,Removed animals
"Ice creams, vanilla",['Vanilla planifolia'],mix,Yes,Removed animals
"Milk, whole, 3.25% milkfat, with added vitamin D",[],animals,Yes,
"Milk, reduced fat, fluid, 2% milkfat, with added vitamin A and vitamin D",[],animals,Yes,
"Milk, lowfat, fluid, 1% milkfat, with added vitamin A and vitamin D",[],animals,Yes,
"Milk, nonfat, fluid, with added vitamin A and vitamin D (fat free or skim)",[],animals,Yes,
"Milk, low sodium, fluid",[],animals,Yes,
"Milk, fluid, nonfat, calcium fortified (fat free or skim)",[],animals,Yes,
"Milk, dry, nonfat, regular, without added vitamin A and vitamin D",[],animals,Yes,
"Milk, buttermilk, fluid, cultured, lowfat",[],animals,Yes,
"Milk, buttermilk, fluid, cultured, reduced fat",[],animals,Yes,
"Milk, buttermilk, fluid, whole",[],animals,Yes,
"Milk, dry, nonfat, instant, with added vitamin A and vitamin D",[],animals,Yes,
"Milk, dry, whole, with added vitamin D",[],animals,Yes,
"Butter oil, anhydrous",[],animals,Yes,
"Milk, buttermilk, dried",[],animals,Yes,
"Milk, canned, evaporated, with added vitamin D and without added vitamin A",[],animals,Yes,
"Milk, canned, evaporated, nonfat, with added vitamin A and vitamin D",[],animals,Yes,
"Milk, canned, condensed, sweetened",[],animals,Yes,
"Yogurt, plain, low fat, 12 grams protein per 8 ounce",[],animals,Yes,
"Yogurt, plain, whole milk, 8 grams protein per 8 ounce",[],animals,Yes,
"Yogurt, plain, skim milk, 13 grams protein per 8 ounce",[],animals,Yes,
"Yogurt, vanilla or lemon flavor, nonfat milk, sweetened with low-calorie sweetener, fortified with vitamin D",[],animals,Yes,
"Frozen yogurts, vanilla, soft-serve",[],animals,Yes,
"Whey, sweet, dried",[],animals,Yes,
"Cream, fluid, half and half",[],animals,Yes,
"Cream, fluid, light (coffee cream or table cream)",[],animals,Yes,
"Cream, fluid, light whipping",[],animals,Yes,
"Cream, half and half, fat free",[],animals,Yes,
"Cream, fluid, heavy whipping",[],animals,Yes,
"Cream, whipped, cream topping, pressurized",[],animals,Yes,
"Cream, sour, cultured",[],animals,Yes,
"Sour cream, reduced fat",[],animals,Yes,
"Sour cream, light",[],animals,Yes,
"Sour cream, fat free",[],animals,Yes,
"Milk, whole, 3.25% milkfat, without added vitamin A and vitamin D",[],animals,Yes,
"Cheese, mexican, queso anejo",[],animals,Yes,
"Butter, salted",[],animals,Yes,
"Cheese product, pasteurized process, American, vitamin D fortified",[],animals,Yes,
"Cheese, pasteurized process, American, fortified with vitamin D",[],animals,Yes,
"Cheese food, pasteurized process, American, imitation, without added vitamin D",[],animals,Yes,
"Cheese food, pasteurized process, American, vitamin D fortified",[],animals,Yes,
"Cheese, cheddar",[],animals,Yes,
"Cheese, mozzarella, part skim milk",[],animals,Yes,
"Cheese, mozzarella, part skim milk, low moisture",[],animals,Yes,
"Cheese, swiss",[],animals,Yes,
"Cheese, provolone",[],animals,Yes,
"Cheese, colby",[],animals,Yes,
"Cheese, monterey",[],animals,Yes,
"Cheese, parmesan, grated",[],animals,Yes,
"Cheese, muenster",[],animals,Yes,
"Cheese, blue",[],animals,Yes,
"Cheese, romano",[],animals,Yes,
"Cheese, brick",[],animals,Yes,
"Cheese, camembert",[],animals,Yes,
"Cheese, brie",[],animals,Yes,
"USDA Commodity, cheese, cheddar, reduced fat",[],animals,Yes,
"Cheese, fontina",[],animals,Yes,
"Cheese, edam",[],animals,Yes,
"Cheese, gouda",[],animals,Yes,
"Cheese, gruyere",[],animals,Yes,
"Cheese, limburger",[],animals,Yes,
"Cheese, monterey, low fat",[],animals,Yes,
"Cheese, mozzarella, whole milk",[],animals,Yes,
"Cheese, mozzarella, low sodium",[],animals,Yes,
"Cheese, mozzarella, nonfat",[],animals,Yes,
"Cheese, muenster, low fat",[],animals,Yes,
"Cheese, parmesan, dry grated, reduced fat",[],animals,Yes,
"Cheese, parmesan, hard",[],animals,Yes,
"Cheese, parmesan, low sodium",[],animals,Yes,
"Parmesan cheese topping, fat free",[],animals,Yes,
"Cheese, port de salut",[],animals,Yes,
"Cheese, provolone, reduced fat",[],animals,Yes,
"Cheese, swiss, low sodium",[],animals,Yes,
"Cheese, swiss, low fat",[],animals,Yes,
"Cheese, low-sodium, cheddar or colby",[],animals,Yes,
"Cheese, low fat, cheddar or colby",[],animals,Yes,
"Cheese, Mexican blend",[],animals,Yes,
"Cheese, Mexican, blend, reduced fat",[],animals,Yes,
"Cheese, mexican, queso asadero",[],animals,Yes,
"Cheese, mexican, queso chihuahua",[],animals,Yes,
"Cheese, fresh, queso fresco",[],animals,Yes,
"Cheese, cottage, creamed, large or small curd",[],animals,Yes,
"Cheese, cottage, nonfat, uncreamed, dry, large or small curd",[],animals,Yes,
"Cheese, cottage, lowfat, 1% milkfat",[],animals,Yes,
"Cheese, ricotta, whole milk",[],animals,Yes,
"Cheese, ricotta, part skim milk",[],animals,Yes,
"Queso del pais, blanco",[],animals,Yes,
"Cheese, cottage, lowfat, 2% milkfat",[],animals,Yes,
"Cheese, cream",[],animals,Yes,
"Cheese, cream, low fat",[],animals,Yes,
"Cheese, pasteurized process, cheddar or American, low sodium",[],animals,Yes,
"Cheese, pasteurized process, American, low fat",[],animals,Yes,
"Cheese product, pasteurized process, cheddar, reduced fat",[],animals,Yes,
"Cheese product, pasteurized process, American, reduced fat, fortified with vitamin D",[],animals,Yes,
"Cheese, pasteurized process, cheddar or American, fat-free",[],animals,Yes,
"Cheese, cream, fat free",[],animals,Yes,
"Cheese, pasteurized process, swiss",[],animals,Yes,
"Cheese, pasteurized process, swiss, low fat",[],animals,Yes,
"Cheese food, pasteurized process, American, without added vitamin D",[],animals,Yes,
"Cheese spread, pasteurized process, American",[],animals,Yes,
Swiss cheese based cheese spread,[],animals,Yes,
"Cheese spread, cream cheese base",[],animals,Yes,
"Beef, cured, corned beef, brisket, cooked",[],animals,Yes,
"Beef, round, tip round, roast, separable lean and fat, trimmed to 1/8"" fat, all grades, cooked, roasted",[],animals,Yes,
"Beef, cured, corned beef, canned",[],animals,Yes,
"Beef, ground, patties, frozen, cooked, broiled",[],animals,Yes,
"Beef, cured, breakfast strips, cooked",[],animals,Yes,
"Beef, cured, dried",[],animals,Yes,
"Snacks, beef jerky, chopped and formed",[],animals,Yes,
"Beef, cured, pastrami",[],animals,Yes,
"Frankfurter, beef, unheated",[],animals,Yes,
"Beef, ground, 75% lean meat / 25% fat, patty, cooked, broiled",[],animals,Yes,
"Beef, ground, 80% lean meat / 20% fat, patty, cooked, broiled",[],animals,Yes,
"Beef, ground, 85% lean meat / 15% fat, patty, cooked, broiled",[],animals,Yes,
"Beef, ground, 90% lean meat / 10% fat, patty, cooked, broiled",[],animals,Yes,
"Beef, ground, 95% lean meat / 5% fat, patty, cooked, broiled",[],animals,Yes,
"Frankfurter, beef, low fat",[],animals,Yes,
"Bologna, beef",[],animals,Yes,
"Salami, cooked, beef",[],animals,Yes,
"Beef sausage, pre-cooked",[],animals,Yes,
"Beef sausage,smkd,stick",[],animals,Yes,
"Beef sausage, fresh, cooked",[],animals,Yes,
Veal loaf,[],animals,Yes,
"Luncheon meat, beef, thin sliced",[],animals,Yes,
"Beef, ground, 85% lean meat / 15% fat, raw",[],animals,Yes,
"Beef, chuck, blade roast, separable lean and fat, trimmed to 1/8"" fat, choice, cooked, braised",[],animals,Yes,
"Soup, beef broth or bouillon canned, ready-to-serve",[],animals,Yes,
"Beef, ground, 75% lean meat / 25% fat, crumbles, cooked, pan-browned",[],animals,Yes,
"Beef, top sirloin, separable lean and fat, trimmed to 1/8"" fat, choice, cooked, pan-fried",[],animals,Yes,
"Fat, beef tallow",[],animals,Yes,
"Beef, top sirloin, separable lean only, trimmed to 1/8"" fat, choice, cooked, broiled",[],animals,Yes,
"Gravy, beef, canned",[],animals,Yes,
"Milk, nonfat, fluid, without added vitamin A and vitamin D (fat free or skim)",[],animals,Yes,
"Beef, round, full cut, separable lean and fat, trimmed to 1/8"" fat, choice, cooked, broiled",[],animals,Yes,
"Beef, rib, shortribs, separable lean only, choice, cooked, braised",[],animals,Yes,
"Milk, dry, whole, without added vitamin D",[],animals,Yes,
"Beef, ground, 80% lean meat / 20% fat, crumbles, cooked, pan-browned",[],animals,Yes,
"Beef, retail cuts, separable fat, cooked",[],animals,Yes,
"Veal, sirloin, separable lean and fat, cooked, roasted",[],animals,Yes,
"Veal, shoulder, arm, separable lean and fat, raw",[],animals,Yes,
"Butter, without salt",[],animals,Yes,
"Beef, ground, 75% lean meat / 25% fat, loaf, cooked, baked",[],animals,Yes,
"Milk, fluid, 1% fat, without added vitamin A and vitamin D",[],animals,Yes,
"Milk, reduced fat, fluid, 2% milkfat, without added vitamin A and vitamin D",[],animals,Yes,
NONFAT YOGURT SOLIDS,[],animals,Yes,
"Milk, dry, nonfat, instant, without added vitamin A and vitamin D",[],animals,Yes,
"Whey, acid, dried",[],animals,Yes,
"Beef, sandwich steaks, flaked, chopped, formed and thinly sliced, raw",[],animals,Yes,
Milkfat,[],animals,Yes,
"Veal, loin, separable lean only, cooked, roasted",[],animals,Yes,
"Beef, ground, 85% lean meat / 15% fat, crumbles, cooked, pan-browned",[],animals,Yes,
"Cheese, mozzarella, whole milk, low moisture",[],animals,Yes,
Cheese sauce used for commercial food products,[],animals,Yes,
"Butter, whipped, with salt",[],animals,Yes,
"Butter, light, stick, with salt",[],animals,Yes,
"Mustard greens, raw",['Brassica juncea'],plants,Yes,
"Oil, canola",['Brassica napus'],plants,Yes,
"Rutabagas, raw",['Brassica napus'],plants,Yes,
"Cauliflower, frozen, cooked, boiled, drained, without salt",['Brassica oleracea'],plants,Yes,
"Cauliflower, frozen, unprepared",['Brassica oleracea'],plants,Yes,
"Cabbage, japanese style, fresh, pickled",['Brassica oleracea var. capitata'],plants,Yes,
"Broccoli, cooked, boiled, drained, without salt",['Brassica oleracea var. italica'],plants,Yes,
"Broccoli, frozen, chopped, cooked, boiled, drained, without salt",['Brassica oleracea var. italica'],plants,Yes,
"Broccoli, frozen, spears, cooked, boiled, drained, without salt",['Brassica oleracea var. italica'],plants,Yes,
"Broccoli, raw",['Brassica oleracea var. italica'],plants,Yes,
"Broccoli, frozen, chopped, unprepared",['Brassica oleracea var. italica'],plants,Yes,
"Collards, raw",['Brassica oleracea var. viridis'],plants,Yes,
"Cabbage, cooked, boiled, drained, without salt",['Brassica oleracea'],plants,Yes,
"Cauliflower, cooked, boiled, drained, without salt",['Brassica oleracea'],plants,Yes,
"Cauliflower, green, raw",['Brassica oleracea'],plants,Yes,
"Brussels sprouts, raw",['Brassica oleracea'],plants,Yes,
"Cabbage, raw",['Brassica oleracea'],plants,Yes,
"Cabbage, red, raw",['Brassica oleracea'],plants,Yes,
"Cauliflower, raw",['Brassica oleracea'],plants,Yes,
"Kohlrabi, raw",['Brassica oleracea'],plants,Yes,
"Cabbage, chinese (pak-choi), cooked, boiled, drained, without salt",['Brassica rapa subsp. chinensis'],plants,Yes,
"Cabbage, chinese (pak-choi), raw",['Brassica rapa'],plants,Yes,
"Turnips, raw",['Brassica rapa'],plants,Yes,
"Crustaceans, crab, blue, canned",[],animals,,
"Tea, black, brewed, prepared with tap water",['Camellia sinensis'],plants,Yes,
"Tea, black, brewed, prepared with tap water, decaffeinated",['Camellia sinensis'],plants,Yes,
"Tea, instant, unsweetened, powder, prepared",['Camellia sinensis'],plants,Yes,
"Tea, instant, sweetened with sugar, lemon-flavored, without added ascorbic acid, powder",['Camellia sinensis'],plants,Yes,
"Tea, instant, sweetened with sodium saccharin, lemon-flavored, prepared",['Camellia sinensis'],plants,Yes,
"Tea, instant, unsweetened, lemon-flavored, powder",['Camellia sinensis'],plants,Yes,
"Tea, instant, unsweetened, powder, decaffeinated",['Camellia sinensis'],plants,Yes,
"Tea, instant, sweetened with sodium saccharin, lemon-flavored, powder, decaffeinated",['Camellia sinensis'],plants,Yes,
"Tea, instant, unsweetened, powder",['Camellia sinensis'],plants,Yes,
"Cheese, goat, hard type",[],animals,Yes,
"Cheese, goat, semisoft type",[],animals,Yes,
"Cheese, goat, soft type",[],animals,Yes,
"Milk, goat, fluid, with added vitamin D",[],animals,Yes,
"Spices, chili powder",['Capsicum annuum'],plants,Yes,
"Peppers, sweet, green, cooked, boiled, drained, without salt",['Capsicum annuum'],plants,Yes,
"Peppers, hot chili, green, raw",['Capsicum annuum'],plants,Yes,
"Spices, pepper, red or cayenne",['Capsicum annuum'],plants,Yes,
"Peppers, sweet, red, cooked, boiled, drained, without salt",['Capsicum annuum'],plants,Yes,
"Pimento, canned",['Capsicum annuum'],plants,Yes,
"Peppers, sweet, green, raw",['Capsicum annuum'],plants,Yes,
"Spices, paprika",['Capsicum annuum'],plants,Yes,
"Peppers, sweet, red, raw",['Capsicum annuum'],plants,Yes,
"Peppers, hot, chili, mature red, canned, chili sauce",['Capsicum annuum'],plants,Yes,
"Peppers, hot chili, red, canned, excluding seeds, solids and liquids",['Capsicum annuum'],plants,Yes,
"Poblano pepper,raw",['Capsicum annuum'],plants,Yes,
"Peppers, serrano, raw",['Capsicum annuum'],plants,Yes,
"Pepper, banana, raw",['Capsicum annuum'],plants,Yes,
"Peppers, sweet, red, frozen, chopped, unprepared",['Capsicum annuum'],plants,Yes,
"Peppers, hot chili, red, raw",['Capsicum annuum'],plants,Yes,
"Papayas, raw",['Carica papaya'],plants,Yes,
green papaya,['Carica papaya'],plants,Yes,
"Papaya nectar, canned",['Carica papaya'],plants,Yes,
"Oil, safflower, salad or cooking, oleic, over 70% (primary safflower oil of commerce)",['Carthamus tinctorius'],plants,Yes,
"Spices, caraway seed",['Carum carvi'],plants,Yes,
"Nuts, pecans",['Carya illinoinensis'],plants,Yes,
"Nuts, chestnuts, european, roasted",['Castanea sativa'],plants,Yes,
"Gums, seed gums (includes locust bean, guar)","['Ceratonia siliqua', 'Cyamopsis tetragonoloba']",plants,Yes,
Carob flour,['Ceratonia siliqua'],plants,Yes,
"Candies, carob, unsweetened",['Ceratonia siliqua'],plants,Yes,
Chickpea flour;using wheat flour weight;need 1 C;est.125 gms,['Cicer arietinum'],plants,Yes,
chick pea flour,['Cicer arietinum'],plants,Yes,
"Radicchio, raw",['Cichorium intybus'],plants,Yes,
"Spices, cinnamon, ground",['Cinnamomum verum'],plants,Yes,
"Watermelon, raw",['Citrullus lanatus'],plants,Yes,
"Limes, raw",[''Citrus latifolia'],plants,Yes,
"Lime juice, canned or bottled, unsweetened",[''Citrus latifolia'],plants,Yes,
"Lemons, raw, without peel",['Citrus limon'],plants,Yes,
"Lemon juice, frozen, unsweetened, single strength",['Citrus limon'],plants,Yes,
"Grapefruit, raw, pink and red and white, all areas",['Citrus paradisi'],plants,Yes,
"Grapefruit, sections, canned, juice pack, solids and liquids",['Citrus paradisi'],plants,Yes,
"Grapefruit, sections, canned, water pack, solids and liquids",['Citrus paradisi'],plants,Yes,
"Grapefruit, sections, canned, light syrup pack, solids and liquids",['Citrus paradisi'],plants,Yes,
"Grapefruit juice, white, raw",['Citrus paradisi'],plants,Yes,
"Grapefruit juice, white, canned, unsweetened",['Citrus paradisi'],plants,Yes,
"Grapefruit juice, white, frozen concentrate, unsweetened, undiluted",['Citrus paradisi'],plants,Yes,
"Grapefruit juice, white, frozen concentrate, unsweetened, diluted with 3 volume water",['Citrus paradisi'],plants,Yes,
"fruit peel,candied",['Phoenix dactylifera'],plants,Yes,
Candied fruit,[],plants,Exclude,Ingredients already covered in the food
"Oranges, raw, all commercial varieties",['Citrus sinensis'],plants,Yes,
"Orange juice, canned, unsweetened",['Citrus sinensis'],plants,Yes,
"Lime juice, raw",[''Citrus latifolia'],plants,Yes,
"Lemon juice, canned or bottled",['Citrus limon'],plants,Yes,
"Lemon juice, raw",['Citrus limon'],plants,Yes,
"Lemon peel, raw",['Citrus limon'],plants,Yes,
LEMON JUICE CONC.,['Citrus limon'],plants,Yes,
"CITRON,CANDIED",['Citrus medica'],plants,Yes,
"Tangerines, (mandarin oranges), canned, light syrup pack",['Citrus reticulata'],plants,Yes,
"Tangerines, (mandarin oranges), canned, juice pack",['Citrus reticulata'],plants,Yes,
"Tangerines, (mandarin oranges), canned, juice pack, drained",['Citrus reticulata'],plants,Yes,
"Tangerines, (mandarin oranges), raw",['Citrus reticulata'],plants,Yes,
"Tangerine juice, canned, sweetened",['Citrus reticulata'],plants,Yes,
"Tangerine juice, raw",['Citrus reticulata'],plants,Yes,
"orange peel, raw",['Citrus sinensis'],plants,Yes,
"Orange juice, chilled, includes from concentrate",['Citrus sinensis'],plants,Yes,
"Orange juice, frozen concentrate, unsweetened, diluted with 3 volume water",['Citrus sinensis'],plants,Yes,
"Orange juice, chilled, includes from concentrate, fortified with calcium",['Citrus sinensis'],plants,Yes,
"Orange juice, chilled, includes from concentrate, fortified with calcium and vitamin D",['Citrus sinensis'],plants,Yes,
"Orange juice, raw",['Citrus sinensis'],plants,Yes,
"Orange juice, frozen concentrate, unsweetened, undiluted",['Citrus sinensis'],plants,Yes,
"Oil, coconut",['Cocos nucifera'],plants,Yes,
"Oil, industrial, coconut, confection fat, typical basis for ice cream coatings",['Cocos nucifera'],plants,Yes,
"Nuts, coconut meat, raw",['Cocos nucifera'],plants,Yes,
"Nuts, coconut meat, dried (desiccated), sweetened, flaked, packaged",['Cocos nucifera'],plants,Yes,
"Nuts, coconut milk, raw (liquid expressed from grated meat and water)",['Cocos nucifera'],plants,Yes,
"Nuts, coconut cream, canned (liquid expressed from grated meat)",['Cocos nucifera'],plants,Yes,
"Nuts, coconut water (liquid from coconuts)",['Cocos nucifera'],plants,Yes,
"Nuts, coconut meat, dried (desiccated), sweetened, shredded",['Cocos nucifera'],plants,Yes,
"Nuts, coconut meat, dried (desiccated), not sweetened",['Cocos nucifera'],plants,Yes,
"Coffee, brewed from grounds, prepared with tap water","['Coffea arabica', 'Coffea canephora']",plants,Yes,
"Coffee, instant, regular, powder","['Coffea arabica', 'Coffea canephora']",plants,Yes,
"Coffee, brewed from grounds, prepared with tap water, decaffeinated","['Coffea arabica', 'Coffea canephora']",plants,Yes,
"Coffee, instant, decaffeinated, powder","['Coffea arabica', 'Coffea canephora']",plants,Yes,
"Coffee, brewed, espresso, restaurant-prepared","['Coffea arabica', 'Coffea canephora']",plants,Yes,
"Coffee, brewed, espresso, restaurant-prepared, decaffeinated","['Coffea arabica', 'Coffea canephora']",plants,Yes,
"Coffee, instant, regular, powder, half the caffeine","['Coffea arabica', 'Coffea canephora']",plants,Yes,
"Coffee, instant, with sugar, cappuccino-flavor powder","['Coffea arabica', 'Coffea canephora']",plants,Yes,
"Coffee, instant, with sugar, french-flavor, powder","['Coffea arabica', 'Coffea canephora']",plants,Yes,
"Coriander (cilantro) leaves, raw",['Coriandrum sativum'],plants,Yes,
"Nuts, hazelnuts or filberts",['Corylus avellana'],plants,Yes,
"Egg, quail, whole, fresh, raw",[],animals,Yes,
"Mollusks, oyster, eastern, wild, raw",[],animals,,
"Mollusks, oyster, eastern, canned",[],animals,,
"Melons, cantaloupe, raw",['Cucumis melo'],plants,Yes,
"Melons, casaba, raw",['Cucumis melo'],plants,Yes,
"Melons, honeydew, raw",['Cucumis melo'],plants,Yes,
"Cucumber, peeled, raw",['Cucumis sativus'],plants,Yes,
"Pickles, cucumber, dill or kosher dill",['Cucumis sativus'],plants,Yes,
"Pickle relish, sweet",['Cucumis sativus'],plants,Yes,
"Pickles, cucumber, sour",['Cucumis sativus'],plants,Yes,
"Pickles, cucumber, sweet (includes bread and butter pickles)",['Cucumis sativus'],plants,Yes,
"Pickles, cucumber, sour, low sodium",['Cucumis sativus'],plants,Yes,
"Cucumber, with peel, raw",['Cucumis sativus'],plants,Yes,
"Squash, winter, all varieties, raw","['Cucurbita maxima', 'Cucurbita moschata', 'Cucurbita pepo', 'Cucurbita argyrosperma'']",plants,Yes,
"Squash, summer, crookneck and straightneck, cooked, boiled, drained, without salt",['Cucurbita pepo'],plants,Yes,
"Squash, summer, zucchini, includes skin, cooked, boiled, drained, without salt",['Cucurbita pepo'],plants,Yes,
"Squash, summer, all varieties, cooked, boiled, drained, without salt",['Cucurbita pepo'],plants,Yes,
"Pumpkin, canned, without salt",['Cucurbita pepo'],plants,Yes,
"Squash, summer, zucchini, includes skin, raw",['Cucurbita pepo'],plants,Yes,
"Squash, summer, all varieties, raw",['Cucurbita pepo'],plants,Yes,
"Squash, summer, zucchini, includes skin, frozen, cooked, boiled, drained, without salt",['Cucurbita pepo'],plants,Yes,
"Spices, turmeric, ground",['Curcuma longa'],plants,Yes,
"Artichokes, (globe or french), cooked, boiled, drained, without salt",['Cynara cardunculus var. scolymus'],plants,Yes,
"Carrots, frozen, unprepared",['Daucus carota'],plants,Yes,
"Carrots, cooked, boiled, drained, without salt",['Daucus carota'],plants,Yes,
"Carrots, frozen, cooked, boiled, drained, without salt",['Daucus carota'],plants,Yes,
"Carrots, raw",['Daucus carota'],plants,Yes,
"Carrots, canned, regular pack, drained solids",['Daucus carota'],plants,Yes,
"Crustaceans, shrimp, mixed species, raw",[],animals,,
"Persimmons, japanese, raw",['Diospyros kaki'],plants,Yes,
"Waterchestnuts, chinese, canned, solids and liquids",['Eleocharis dulcis'],plants,Yes,
"Waterchestnuts, chinese, (matai), raw",['Eleocharis dulcis'],plants,Yes,
"Fish, anchovy, european, canned in oil, drained solids",[],animals,,
"Arugula, raw",['Eruca vesicaria'],plants,Yes,
"Buckwheat flour, whole-groat",['Fagopyrum esculentum'],plants,Yes,
"Figs, dried, uncooked",['Ficus carica'],plants,Yes,
"Figs, dried, stewed",['Ficus carica'],plants,Yes,
"Figs, raw",['Ficus carica'],plants,Yes,
"Figs, canned, heavy syrup pack, solids and liquids",['Ficus carica'],plants,Yes,
"fennel bulb, raw",['Foeniculum vulgare'],plants,Yes,
"Kumquats, raw","['Citrus hindsii', 'Citrus crassifolia', 'Citrus margarita', 'Citrus japonica', 'Citrus obovata', 'Citrus swinglei'']",plants,Yes,
"Strawberries, raw",['Fragaria ananassa'],plants,Yes,
"Strawberries, frozen, sweetened, sliced",['Fragaria ananassa'],plants,Yes,
"Strawberries, canned, heavy syrup pack, solids and liquids",['Fragaria ananassa'],plants,Yes,
"Strawberries, frozen, sweetened, whole",['Fragaria ananassa'],plants,Yes,
strawberry juice,['Fragaria ananassa'],plants,Yes,
strawberry jc,['Fragaria ananassa'],plants,Yes,
"Toppings, strawberry",['Fragaria ananassa'],plants,Yes,
"Strawberries, frozen, unsweetened",['Fragaria ananassa'],plants,Yes,
"Fish, pollock, walleye, raw",[],animals,,
"Fish, cod, Atlantic, dried and salted",[],animals,,
"Fish, cod, Atlantic, raw",[],animals,,
"Fish, cod, Atlantic, canned, solids and liquid",[],animals,,
"Frankfurter, chicken",[],animals,Yes,
"Chicken roll, light meat",[],animals,Yes,
"Chicken, broilers or fryers, meat and skin and giblets and neck, roasted",[],animals,Yes,
"Chicken, broilers or fryers, dark meat, meat only, cooked, roasted",[],animals,Yes,
"Chicken, broilers or fryers, light meat, meat only, cooked, stewed",[],animals,Yes,
"Chicken, liver, all classes, cooked, simmered",[],animals,Yes,
"Egg, whole, cooked, scrambled",[],animals,Yes,
"Egg, white, raw, fresh",[],animals,Yes,
"Egg, whole, raw, fresh",[],animals,Yes,
"Chicken, canned, no broth",[],animals,Yes,
"Pate, chicken liver, canned",[],animals,Yes,
"Egg, yolk, raw, fresh",[],animals,Yes,
"Egg, whole, cooked, hard-boiled",[],animals,Yes,
"Soup, chicken broth, canned, prepared with equal volume water, commercial",[],animals,Yes,
"Chicken, broilers or fryers, meat and skin, cooked, roasted",[],animals,Yes,
"Fat, chicken",[],animals,Yes,
"Chicken, broilers or fryers, light meat, meat only, cooked, roasted",[],animals,Yes,
"Chicken, broilers or fryers, meat only, stewed",[],animals,Yes,
"Chicken, broilers or fryers, breast, meat only, cooked, stewed",[],animals,Yes,
"Egg, white, dried, powder, glucose reduced",[],animals,Yes,
"Egg, yolk, dried",[],animals,Yes,
DRIED CHICKEN MEAT,[],animals,Yes,
Miso,"['Glycine max', 'Oryza sativa']",plants,Complex,
Natto,['Glycine max'],plants,Yes,
"Margarine-like, margarine-butter blend, soybean oil and butter",['Glycine max'],plants,Yes,animals removed
"Margarine-like, vegetable oil spread, 60% fat, tub, with salt","['Glycine max', 'Brassica napus', 'Helianthus annuus', 'Elaeis guineensis']",plants,Yes,
"Margarine-like spread with yogurt, 70% fat, stick, with salt","['Glycine max', 'Brassica napus', 'Helianthus annuus', 'Elaeis guineensis']",plants,Yes,animals removed
"Margarine-like spread with yogurt, approximately 40% fat, tub, with salt","['Glycine max', 'Brassica napus', 'Helianthus annuus', 'Elaeis guineensis']",plants,Yes,animals removed
"Margarine-like, vegetable oil spread, 60% fat, tub, with salt, with added vitamin D","['Glycine max', 'Brassica napus', 'Helianthus annuus', 'Elaeis guineensis']",plants,Yes,
"Margarine-like, vegetable oil spread, 60% fat, stick, with salt, with added vitamin D","['Glycine max', 'Brassica napus', 'Helianthus annuus', 'Elaeis guineensis']",plants,Yes,
"Margarine, regular, 80% fat, composite, tub, with salt","['Glycine max', 'Brassica napus', 'Helianthus annuus', 'Elaeis guineensis']",plants,Yes,
"Margarine, regular, 80% fat, composite, tub, with salt, with added vitamin D","['Glycine max', 'Brassica napus', 'Helianthus annuus', 'Elaeis guineensis']",plants,Yes,
"Margarine, regular, 80% fat, composite, stick, without salt, with added vitamin D","['Glycine max', 'Brassica napus', 'Helianthus annuus', 'Elaeis guineensis']",plants,Yes,
"Margarine-like, vegetable oil spread, 60% fat, stick, with salt","['Glycine max', 'Brassica napus', 'Helianthus annuus', 'Elaeis guineensis']",plants,Yes,
"Margarine, regular, 80% fat, composite, tub, without salt","['Glycine max', 'Brassica napus', 'Helianthus annuus', 'Elaeis guineensis']",plants,Yes,
"Margarine-like vegetable-oil spread, stick/tub/bottle, 60% fat, with added vitamin D","['Glycine max', 'Brassica napus', 'Helianthus annuus', 'Elaeis guineensis']",plants,Yes,
"Margarine-like, vegetable oil spread, 60% fat, stick/tub/bottle, without salt","['Glycine max', 'Brassica napus', 'Helianthus annuus', 'Elaeis guineensis']",plants,Yes,
"Margarine-like, vegetable oil spread, 60% fat, stick/tub/bottle, without salt, with added vitamin D","['Glycine max', 'Brassica napus', 'Helianthus annuus', 'Elaeis guineensis']",plants,Yes,
"Margarine-like, vegetable oil spread, stick or tub, sweetened","['Glycine max', 'Brassica napus', 'Helianthus annuus', 'Elaeis guineensis']",plants,Yes,
"Margarine-like, vegetable oil spread, unspecified oils, approximately 37% fat, with salt","['Glycine max', 'Brassica napus', 'Helianthus annuus', 'Elaeis guineensis']",plants,Yes,
"Margarine-like, vegetable oil spread, approximately 37% fat, unspecified oils, with salt, with added vitamin D","['Glycine max', 'Brassica napus', 'Helianthus annuus', 'Elaeis guineensis']",plants,Yes,
"Margarine-like, vegetable oil spread, 20% fat, with salt","['Glycine max', 'Brassica napus', 'Helianthus annuus', 'Elaeis guineensis']",plants,Yes,
"Margarine-like, vegetable oil spread, 20% fat, without salt","['Glycine max', 'Brassica napus', 'Helianthus annuus', 'Elaeis guineensis']",plants,Yes,
"Margarine-like, vegetable oil-butter spread, tub, with salt","['Glycine max', 'Brassica napus', 'Helianthus annuus', 'Elaeis guineensis']",plants,Yes,
"Vegetable oil-butter spread, reduced calorie","['Glycine max', 'Brassica napus', 'Helianthus annuus', 'Elaeis guineensis']",plants,Yes,
"Margarine-like, vegetable oil-butter spread, reduced calorie, tub, with salt","['Glycine max', 'Brassica napus', 'Helianthus annuus', 'Elaeis guineensis']",plants,Yes,
"Margarine-like, vegetable oil spread, fat-free, tub","['Glycine max', 'Brassica napus', 'Helianthus annuus', 'Elaeis guineensis']",plants,Yes,
"Margarine-like, vegetable oil spread, fat free, liquid, with salt","['Glycine max', 'Brassica napus', 'Helianthus annuus', 'Elaeis guineensis']",plants,Yes,
"Margarine, regular, 80% fat, composite, stick, without salt","['Glycine max', 'Brassica napus', 'Helianthus annuus', 'Elaeis guineensis']",plants,Yes,
"Oil, industrial, soy (partially hydrogenated)  and cottonseed, principal use as a tortilla shortening","['Glycine max', 'Gossypium hirsutum']",plants,Complex,
"Shortening, household, soybean (hydrogenated)-cottonseed (hydrogenated)","['Glycine max', 'Gossypium hirsutum']",plants,Complex,
"Shortening, industrial, soybean (hydrogenated) and cottonseed","['Glycine max', 'Gossypium hirsutum']",plants,Complex,
"Shortening, institutional, composite","['Glycine max', 'Gossypium hirsutum']",plants,Complex,
"Oil, soybean, salad or cooking, (partially hydrogenated) and cottonseed","['Glycine max', 'Gossypium hirsutum']",plants,Complex,
"Margarine, regular, 80% fat, composite, stick, with salt","['Glycine max', 'Brassica napus', 'Helianthus annuus', 'Elaeis guineensis']",plants,Yes,
"Margarine, regular, 80% fat, composite, stick, with salt, with added vitamin D","['Glycine max', 'Brassica napus', 'Helianthus annuus', 'Elaeis guineensis']",plants,Yes,
"Margarine-like, vegetable oil spread, 60% fat, stick/tub/bottle, with salt","['Glycine max', 'Brassica napus', 'Helianthus annuus', 'Elaeis guineensis']",plants,Yes,
Soy sauce made from soy and wheat (shoyu),"['Glycine max', 'Triticum aestivum']",plants,Complex,
"Bacon bits, meatless","['Glycine max', 'Triticum aestivum']",plants,Exclude,
"Soymilk, original and vanilla, with added calcium, vitamins A and D","['Glycine max', 'Vanilla planifolia']",plants,Complex,
"Soymilk, original and vanilla, unfortified","['Glycine max', 'Vanilla planifolia']",plants,Complex,
"Soymilk, original and vanilla, light, with added calcium, vitamins A and D","['Glycine max', 'Vanilla planifolia']",plants,Complex,
"Soymilk (all flavors), nonfat, with added calcium, vitamins A and D",['Glycine max'],plants,Yes,
"Oil, industrial, soy (partially hydrogenated), multiuse for non-dairy butter flavor",['Glycine max'],plants,Yes,
"Oil, soybean, salad or cooking",['Glycine max'],plants,Yes,
"Soy flour, defatted",['Glycine max'],plants,Yes,
Soy protein isolate,['Glycine max'],plants,Yes,
"Soy flour, full-fat, raw",['Glycine max'],plants,Yes,
"Oil, soybean, salad or cooking, (partially hydrogenated)",['Glycine max'],plants,Yes,
"Oil, industrial, soy ( partially hydrogenated), all purpose",['Glycine max'],plants,Yes,
"Oil, soybean lecithin",['Glycine max'],plants,Yes,
Soy sauce made from soy (tamari),['Glycine max'],plants,Yes,
"Tofu, soft, prepared with calcium sulfate and magnesium chloride (nigari)",['Glycine max'],plants,Yes,
"Soybean, curd cheese",['Glycine max'],plants,Yes,
"Soybeans, mature seeds, roasted, salted",['Glycine max'],plants,Yes,
"Soy flour, low-fat",['Glycine max'],plants,Yes,
Soy sauce made from hydrolyzed vegetable protein,['Glycine max'],plants,Yes,
"Oil, cottonseed, salad or cooking",['Gossypium hirsutum'],plants,Yes,
"Seeds, sunflower seed kernels, dried",['Helianthus annuus'],plants,Yes,
"Seeds, sunflower seed kernels, dry roasted, with salt added",['Helianthus annuus'],plants,Yes,
"Seeds, sunflower seed kernels, oil roasted, with salt added",['Helianthus annuus'],plants,Yes,
"Seeds, sunflower seed kernels, oil roasted, without salt",['Helianthus annuus'],plants,Yes,
"Oil, sunflower, linoleic, (approx. 65%)",['Helianthus annuus'],plants,Yes,
"Jerusalem-artichokes, raw",['Helianthus tuberosus'],plants,Yes,
Hibiscus tea,['Hibiscus sabdariffa'],plants,Yes,
"Fish, halibut, Greenland, raw",[],animals,,
"Crustaceans, lobster, northern, cooked, moist heat",[],animals,,
"Milk, human, mature, fluid",[],animals,Yes,
"Alcoholic beverage, distilled, all (gin, rum, vodka, whiskey) 80 proof",[],plants,Yes,Assume alcohol distilled has no DNA
"Alcoholic beverage, distilled, all (gin, rum, vodka, whiskey) 86 proof",[],plants,Yes,Assume alcohol distilled has no DNA
"Alcoholic beverage, distilled, all (gin, rum, vodka, whiskey) 90 proof",[],plants,Yes,Assume alcohol distilled has no DNA
"Barley, pearled, raw",['Hordeum vulgare'],plants,Yes,
"Malt extract, dried",['Hordeum vulgare'],plants,Yes,
Barley flour or meal,['Hordeum vulgare'],plants,Yes,
"Fish, catfish, channel, farmed, raw",[],animals,,
"Sweet potato, canned, vacuum pack",['Ipomoea batatas'],plants,Yes,
"Sweet potato, canned, syrup pack, solids and liquids",['Ipomoea batatas'],plants,Yes,
"Nuts, walnuts, black, dried",['Juglans nigra'],plants,Yes,
"Nuts, walnuts, english",['Juglans regia'],plants,Yes,
"Oil, walnut",['Juglans regia'],plants,Yes,
"Lettuce, iceberg (includes crisphead types), raw",['Lactuca sativa'],plants,Yes,
"Lettuce, butterhead (includes boston and bibb types), raw",['Lactuca sativa'],plants,Yes,
"Seaweed, kelp, raw","['Nereocystis luetkeana', 'Macrocystis pyrifera', 'Saccharina japonica', 
    'Laminaria digitata', 'Laminaria hyperborea', 'Laminaria ochroleuca', 
    'Saccharina latissima', 'Laminaria agardhii', 'Laminaria bongardina', 
    'Laminaria cuneifolia', 'Laminaria dentigera', 'Laminaria digitata', 
    'Laminaria ephemera', 'Laminaria farlowii', 'Laminaria groenlandica', 
    'Laminaria longicruris', 'Laminaria nigripes', 'Laminaria ontermedia', 
    'Laminaria pallida', 'Laminaria platymeris', 'Laminaria saccharina', 
    'Laminaria setchellii', 'Laminaria sinclairii', 'Laminaria solidungula', 
    'Laminaria stenophylla', 'Costaria costata', 'Alaria esculenta', 
    'Alaria marginata', 'Costaria costata', 'Ecklonia brevipes', 
    'Ecklonia maxima', 'Ecklonia radiata', 'Eisenia arborea', 
    'Egregia menziesii', 'Hedophyllum sessile', 'Macrocystis pyrifera', 
    'Pleurophycus gardneri', 'Pterygophora californica', 'Durvillea antarctica', 
    'Durvillea willana', 'Durvillaea potatorum']",plants,Yes,
"Mushrooms, shiitake, cooked, without salt",[],NA,Yes,
"Mushrooms, shiitake, dried",[],NA,Yes,
"Cress, garden, raw",['Nasturtium officinale'],plants,Yes,
"Seeds, flaxseed",['Linum usitatissimum'],plants,Yes,
"Oil, flaxseed, cold pressed",['Linum usitatissimum'],plants,Yes,
"Litchis, dried",['Litchi chinensis'],plants,Yes,
"Litchis, raw",['Litchi chinensis'],plants,Yes,
"Nuts, macadamia nuts, dry roasted, with salt added",['Macadamia integrifolia'],plants,Yes,
"Juice, apple, grape and pear blend, with added ascorbic acid and calcium","['Malus domestica', 'Vitis vinifera', 'Pyrus communis']",plants,Complex,
"Juice, apple and grape blend, with added ascorbic acid","['Malus domestica', 'Vitis vinifera']",plants,Complex,
"Apples, raw, without skin, cooked, boiled",['Malus domestica'],plants,Yes,
"Apples, raw, without skin, cooked, microwave",['Malus domestica'],plants,Yes,
"Applesauce, canned, unsweetened, without added ascorbic acid (includes USDA commodity)",['Malus domestica'],plants,Yes,
"Applesauce, canned, sweetened, without salt (includes USDA commodity)",['Malus domestica'],plants,Yes,
"Vinegar, cider",['Malus domestica'],plants,Yes,
"Apples, dried, sulfured, uncooked",['Malus domestica'],plants,Yes,
"Apple juice, canned or bottled, unsweetened, without added ascorbic acid",['Malus domestica'],plants,Yes,
"Pie fillings, apple, canned",['Malus domestica'],plants,Yes,
"Apple juice, frozen concentrate, unsweetened, undiluted, without added ascorbic acid",['Malus domestica'],plants,Yes,
"Apples, canned, sweetened, sliced, drained, heated",['Malus domestica'],plants,Yes,
"Apples, dried, sulfured, stewed, without added sugar",['Malus domestica'],plants,Yes,
"Apples, dehydrated (low moisture), sulfured, uncooked",['Malus domestica'],plants,Yes,
"Apples, raw, with skin",['Malus domestica'],plants,Yes,
"Apple juice, canned or bottled, unsweetened, with added ascorbic acid",['Malus domestica'],plants,Yes,
"Apple juice, frozen concentrate, unsweetened, diluted with 3 volume water without added ascorbic acid",['Malus domestica'],plants,Yes,
"Mangos, raw",['Mangifera indica'],plants,Yes,
"Mango nectar, canned",['Mangifera indica'],plants,Yes,
"Tapioca, pearl, dry",['Manihot esculenta'],plants,Yes,
"Tea, herb, chamomile, brewed",['Matricaria chamomilla'],plants,Yes,
"Alfalfa seeds, sprouted, raw",['Medicago sativa'],plants,Yes,
"Fish, haddock, raw",[],animals,,
"Turkey, light or dark meat, smoked, cooked, with skin, bone removed",[],animals,Yes,
"Turkey, light or dark meat, smoked, cooked, skin and bone removed",[],animals,Yes,
"Turkey, drumstick, smoked, cooked, with skin, bone removed",[],animals,Yes,
"Turkey, wing, smoked, cooked, with skin, bone removed",[],animals,Yes,
"Turkey roast, boneless, frozen, seasoned, light and dark meat, roasted",[],animals,Yes,
"Turkey bacon, cooked",[],animals,Yes,
"Frankfurter, turkey",[],animals,Yes,
"Salami, cooked, turkey",[],animals,Yes,
"Bologna, turkey",[],animals,Yes,
"Turkey breast, sliced, prepackaged",[],animals,Yes,
"Turkey ham, sliced, extra lean, prepackaged or deli-sliced",[],animals,Yes,
"Turkey ham, cured turkey thigh meat",[],animals,Yes,
"Pastrami, turkey",[],animals,Yes,
Turkey breast meat,[],animals,Yes,
"Turkey breast, low salt, prepackaged or deli, luncheon meat",[],animals,Yes,
"Turkey, all classes, light meat, cooked, roasted",[],animals,Yes,
"Turkey, fryer-roasters, meat and skin, cooked, roasted",[],animals,Yes,
"Fat, turkey",[],animals,Yes,
"Mulberries, raw","['Morus alba', 'Morus nigra', 'Morus rubra']",plants,Yes,
"Bananas, dehydrated, or banana powder",['Musa acuminata'],plants,Yes,
"Bananas, raw",['Musa acuminata'],plants,Yes,
"Snacks, banana chips",['Musa acuminata'],plants,Yes,
"Plantains, raw",['Musa paradisiaca'],plants,Yes,
"Spices, nutmeg, ground",['Myristica fragrans'],plants,Yes,
mace,['Myristica fragrans'],plants,Yes,
"Mollusks, mussel, blue, raw",[],animals,,
"Watercress, raw",['Nasturtium officinale'],plants,Yes,
"Spices, basil, dried",['Ocimum basilicum'],plants,Yes,
deer bologna,[],animals,Yes,
"Oil, olive, salad or cooking",['Olea europaea'],plants,Yes,
"Olives, pickled, canned or bottled, green",['Olea europaea'],plants,Yes,
"Olives, ripe, canned (small-extra large)",['Olea europaea'],plants,Yes,
"Olives, ripe, canned (jumbo-super colossal)",['Olea europaea'],plants,Yes,
"Fish, salmon, sockeye, raw",[],animals,,
"Nopales, raw","['Opuntia ficus-indica', 'Opuntia matudae']",plants,Yes,
"Fish, tilapia, raw",[],animals,,
"Spices, oregano, dried",['Origanum vulgare'],plants,Yes,
"Pork sausage rice links, brown and serve, cooked",['Oryza sativa'],mix,Yes,Removed animals
"Rice, white, long-grain, regular, cooked",['Oryza sativa'],plants,Yes,
"Rice, white, long-grain, regular, cooked, unenriched, without salt",['Oryza sativa'],plants,Yes,
"Rice flour, white",['Oryza sativa'],plants,Yes,
"Rice, white, long-grain, regular, cooked, enriched, with salt",['Oryza sativa'],plants,Yes,
"Rice, brown, long-grain, cooked",['Oryza sativa'],plants,Yes,
"Rice, white, long-grain, parboiled, enriched, cooked",['Oryza sativa'],plants,Yes,
"Rice, white, long-grain, regular, raw, unenriched",['Oryza sativa'],plants,Yes,
"Rice, brown, long-grain, raw",['Oryza sativa'],plants,Yes,
"Rice bran, crude",['Oryza sativa'],plants,Yes,
rice bran polish,['Oryza sativa'],plants,Yes,
"Rice, white, long-grain, regular, raw, enriched",['Oryza sativa'],plants,Yes,
"Rice, white, long-grain, parboiled, enriched, dry",['Oryza sativa'],plants,Yes,
"Alcoholic beverage, rice (sake)",['Oryza sativa'],plants,Yes,
"Yambean (jicama), raw",['Pachyrhizus erosus'],plants,Yes,
"millet, raw",['Panicum miliaceum'],plants,Yes,
"millet, raw - 3 c fine grnd flour",['Panicum miliaceum'],plants,Yes,
"Spices, poppy seed",['Papaver somniferum'],plants,Yes,
"Passion-fruit, (granadilla), purple, raw",['Passiflora edulis'],plants,Yes,
"Passion-fruit juice, purple, raw",['Passiflora edulis'],plants,Yes,
"Passion-fruit juice, yellow, raw",['Passiflora edulis'],plants,Yes,
"Mollusks, scallop, (bay and sea), cooked, steamed",[],animals,,
"Mollusks, scallop, mixed species, raw",[],animals,,
"Avocados, raw, all commercial varieties",['Persea americana'],plants,Yes,
"Parsley, fresh",['Petroselinum crispum'],plants,Yes,
"Spices, parsley, dried",['Petroselinum crispum'],plants,Yes,
"Lima beans, immature seeds, raw",['Phaseolus lunatus'],plants,Yes,
"Beans, snap, green, frozen, cooked, boiled, drained without salt",['Phaseolus vulgaris'],plants,Yes,
"Beans, snap, green, cooked, boiled, drained, without salt",['Phaseolus vulgaris'],plants,Yes,
"Beans, baked, canned, plain or vegetarian",['Phaseolus vulgaris'],plants,Yes,
"Refried beans, canned, fat-free",['Phaseolus vulgaris'],plants,Yes,
"Baked beans, canned, no salt added",['Phaseolus vulgaris'],plants,Yes,
"Beans, navy, mature seeds, canned",['Phaseolus vulgaris'],plants,Yes,
"Beans, kidney, red, mature seeds, cooked, boiled, without salt",['Phaseolus vulgaris'],plants,Yes,
"Beans, snap, green, raw",['Phaseolus vulgaris'],plants,Yes,
"Beans, snap, yellow, canned, regular pack, drained solids",['Phaseolus vulgaris'],plants,Yes,
"Dates, deglet noor",['Phoenix dactylifera'],plants,Yes,
"Nuts, pine nuts, dried","['Pinus armandii', 'Pinus bungeana', 'Pinus cembra', 'Pinus gerardiana', 'Pinus koraiensis', 'Pinus pinea',  'Pinus pumila', 'Pinus sibirica', 'Pinus albicaulis', 'Pinus cembroides', 'Pinus coulteri', 'Pinus culminicola', 'Pinus edulis', 'Pinus johannis', 'Pinus monophylla', 'Pinus orizabensis', 'Pinus quadrifolia', 'Pinus remota', 'Pinus sabiniana']",plants,Yes,
"Spices, pepper, black",['Piper nigrum'],plants,Yes,
"Peas and carrots, frozen, cooked, boiled, drained, without salt","['Pisum sativum', 'Daucus carota']",plants,Complex,
"Peas, green, cooked, boiled, drained, without salt",['Pisum sativum'],plants,Yes,
"Peas, green, frozen, cooked, boiled, drained, without salt",['Pisum sativum'],plants,Yes,
"Peas, edible-podded, boiled, drained, without salt",['Pisum sativum'],plants,Yes,
"Peas, green, raw",['Pisum sativum'],plants,Yes,
"Peas, edible-podded, raw",['Pisum sativum'],plants,Yes,
"Peas, green (includes baby and lesuer types), canned, drained solids, unprepared",['Pisum sativum'],plants,Yes,
"Peas, green, frozen, unprepared",['Pisum sativum'],plants,Yes,
psyllium seed husks,['Plantago ovata'],plants,Yes,
"Seaweed, laver, raw",['Porphyra umbilicalis'],plants,Yes,
"Jams and preserves, apricot",['Prunus armeniaca'],plants,Yes,
"Apricots, dried, sulfured, uncooked",['Prunus armeniaca'],plants,Yes,
"Apricots, dried, sulfured, stewed, without added sugar",['Prunus armeniaca'],plants,Yes,
"Apricots, raw",['Prunus armeniaca'],plants,Yes,
"Apricots, canned, heavy syrup pack, with skin, solids and liquids",['Prunus armeniaca'],plants,Yes,
"Apricots, canned, water pack, with skin, solids and liquids",['Prunus armeniaca'],plants,Yes,
"Apricots, canned, light syrup pack, with skin, solids and liquids",['Prunus armeniaca'],plants,Yes,
"Apricots, canned, heavy syrup, drained",['Prunus armeniaca'],plants,Yes,
"Apricots, canned, juice pack, with skin, solids and liquids",['Prunus armeniaca'],plants,Yes,
"Apricot nectar, canned, without added ascorbic acid",['Prunus armeniaca'],plants,Yes,
"Maraschino cherries, canned, drained",['Prunus avium'],plants,Yes,
"Cherries, sweet, raw",['Prunus avium'],plants,Yes,
"Cherries, sweet, canned, pitted, heavy syrup pack, solids and liquids",['Prunus avium'],plants,Yes,
"Cherries, sweet, canned, water pack, solids and liquids",['Prunus avium'],plants,Yes,
"Cherries, sweet, canned, light syrup pack, solids and liquids",['Prunus avium'],plants,Yes,
"Cherries, sweet, canned, pitted, heavy syrup, drained",['Prunus avium'],plants,Yes,
"Cherries, sweet, canned, juice pack, solids and liquids",['Prunus avium'],plants,Yes,
"Cherries, sour, red, frozen, unsweetened",['Prunus cerasus'],plants,Yes,
"Plums, canned, heavy syrup, drained","['Prunus domestica', 'Prunus salicina']",plants,Yes,
"Plums, canned, purple, juice pack, solids and liquids","['Prunus domestica', 'Prunus salicina']",plants,Yes,
"Plums, dried (prunes), uncooked",['Prunus domestica'],plants,Yes,
"Plums, dried (prunes), stewed, without added sugar",['Prunus domestica'],plants,Yes,
"Plums, raw","['Prunus domestica', 'Prunus salicina']",plants,Yes,
"Plums, canned, purple, heavy syrup pack, solids and liquids",['Prunus domestica'],plants,Yes,
"Plums, canned, purple, light syrup pack, solids and liquids",['Prunus domestica'],plants,Yes,
"Prune juice, canned",['Prunus domestica'],plants,Yes,
"Nuts, almonds, oil roasted, without salt added",['Prunus dulcis'],plants,Yes,
"Nuts, almonds, dry roasted, without salt added",['Prunus dulcis'],plants,Yes,
"Nuts, almonds",['Prunus dulcis'],plants,Yes,
"Nuts, almonds, oil roasted, with salt added",['Prunus dulcis'],plants,Yes,
"Nuts, almonds, dry roasted, with salt added",['Prunus dulcis'],plants,Yes,
"Nuts, almond butter, plain, with salt added",['Prunus dulcis'],plants,Yes,
"Nuts, almond paste",['Prunus dulcis'],plants,Yes,
"Oil, almond",['Prunus dulcis'],plants,Yes,
"Peaches, canned, light syrup pack, solids and liquids",['Prunus persica'],plants,Yes,
"Peaches, canned, water pack, solids and liquids",['Prunus persica'],plants,Yes,
"Peach nectar, canned, without added ascorbic acid",['Prunus persica'],plants,Yes,
"Peaches, dried, sulfured, uncooked",['Prunus persica'],plants,Yes,
"Peaches, dried, sulfured, stewed, without added sugar",['Prunus persica'],plants,Yes,
"Nectarines, raw",['Prunus persica'],plants,Yes,
"Peaches, raw",['Prunus persica'],plants,Yes,
"Peaches, canned, heavy syrup pack, solids and liquids",['Prunus persica'],plants,Yes,
"Peaches, canned, heavy syrup, drained",['Prunus persica'],plants,Yes,
"Peaches, canned, juice pack, solids and liquids",['Prunus persica'],plants,Yes,
"Peaches, frozen, sliced, sweetened",['Prunus persica'],plants,Yes,
"Peaches, spiced, canned, heavy syrup pack, solids and liquids",['Prunus persica'],plants,Yes,
"Guavas, common, raw",['Psidium guajava'],plants,Yes,
"Guava sauce, cooked",['Psidium guajava'],plants,Yes,
"Pomegranates, raw",['Punica granatum'],plants,Yes,
"Pomegranate juice, bottled",['Punica granatum'],plants,Yes,
"Pears, dried, sulfured, stewed, without added sugar",['Pyrus communis'],plants,Yes,
"Pears, dried, sulfured, uncooked",['Pyrus communis'],plants,Yes,
"Pears, raw",['Pyrus communis'],plants,Yes,
"Pears, canned, heavy syrup pack, solids and liquids",['Pyrus communis'],plants,Yes,
"Pears, canned, water pack, solids and liquids",['Pyrus communis'],plants,Yes,
"Pears, canned, light syrup pack, solids and liquids",['Pyrus communis'],plants,Yes,
"Pears, canned, heavy syrup, drained",['Pyrus communis'],plants,Yes,
"Pears, canned, juice pack, solids and liquids",['Pyrus communis'],plants,Yes,
"Pear nectar, canned, without added ascorbic acid",['Pyrus communis'],plants,Yes,
"Pears, asian, raw","['Pyrus pyrifolia', 'Pyrus ussuriensis']",plants,Yes,
"Radishes, raw",['Raphanus sativus'],plants,Yes,
"Radishes, hawaiian style, pickled",['Raphanus sativus'],plants,Yes,
"Rhubarb, raw",['Rheum rhabarbarum'],plants,Yes,
"Rhubarb, frozen, cooked, with sugar",['Rheum rhabarbarum'],plants,Yes,
"Rhubarb, frozen, uncooked",['Rheum rhabarbarum'],plants,Yes,
"Blackberries, raw",['Rubus fruticosus'],plants,Yes,
"Blackberries, frozen, unsweetened",['Rubus fruticosus'],plants,Yes,
"Blackberries, canned, heavy syrup, solids and liquids",['Rubus fruticosus'],plants,Yes,
"Blackberry juice, canned",['Rubus fruticosus'],plants,Yes,
"Raspberries, frozen, red, sweetened",['Rubus idaeus'],plants,Yes,
"Raspberries, raw",['Rubus idaeus'],plants,Yes,
"Raspberries, canned, red, heavy syrup pack, solids and liquids",['Rubus idaeus'],plants,Yes,
"Loganberries, frozen",['Rubus loganobaccus'],plants,Yes,
"Boysenberries, frozen, unsweetened",['Rubus ursinus x idaeus'],plants,Yes,
"BOYSENBERRIES,RAW",['Rubus ursinus x idaeus'],plants,Yes,
"Leavening agents, yeast, baker's, active dry",[],NA,Yes,
"Leavening agents, yeast, baker's, compressed",[],NA,Yes,
Yeast extract spread,[],NA,Yes,
"Syrups, dietetic","['Saccharum officinarum', 'Acer saccharum']",plants,Yes,
"Syrups, table blends, cane and 15% maple","['Saccharum officinarum', 'Acer saccharum']",plants,Yes,
"Sugars, granulated",['Saccharum officinarum'],plants,Yes,
"Sugars, powdered",['Saccharum officinarum'],plants,Yes,
"Sugars, brown",['Saccharum officinarum'],plants,Yes,
Molasses,['Saccharum officinarum'],plants,Yes,
cane syrup,['Saccharum officinarum'],plants,Yes,
"Candies, fondant, prepared-from-recipe",['Saccharum officinarum'],mix,Yes,
"Alcoholic beverage, distilled, rum, 80 proof",[],plants,Yes,Alcohol
"Spices, poultry seasoning",[],plants,Exclude,Ingredients already covered in the food
"Rye flour, medium",['Secale cereale'],plants,Yes,
Rye,['Secale cereale'],plants,Yes,
"Oil, sesame, salad or cooking",['Sesamum indicum'],plants,Yes,
"Seeds, sesame seeds, whole, dried",['Sesamum indicum'],plants,Yes,
"Seeds, sesame seed kernels, toasted, without salt added (decorticated)",['Sesamum indicum'],plants,Yes,
"Seeds, sesame seed kernels, dried (decorticated)",['Sesamum indicum'],plants,Yes,
"Spices, mustard seed, ground","['Sinapis alba', 'Brassica juncea', 'Brassica nigra']",plants,Yes,
"Mustard, prepared, yellow","['Sinapis alba', 'Curcuma longa', 'Capsicum annuum']",plants,Complex,
"Vegetables, mixed, frozen, cooked, boiled, drained, without salt",[],plants,Exclude,Listed in 1 food where vegetables are already included
"Sauce, tomato chili sauce, bottled, with salt",[],plants,Exclude,Ingredients already covered in the food
"Tomatoes, red, ripe, canned, packed in tomato juice",['Solanum lycopersicum'],plants,Yes,
"Tomato products, canned, sauce",['Solanum lycopersicum'],plants,Yes,
"Tomato products, canned, paste, without salt added",['Solanum lycopersicum'],plants,Yes,
"Tomatoes, red, ripe, cooked",['Solanum lycopersicum'],plants,Yes,
"Tomato products, canned, puree, with salt added",['Solanum lycopersicum'],plants,Yes,
"Tomato products, canned, paste, with salt added",['Solanum lycopersicum'],plants,Yes,
"Tomato products, canned, puree, without salt added",['Solanum lycopersicum'],plants,Yes,
Catsup,[],plants,Exclude,Ingredients already covered in the food
"Tomatoes, sun-dried",['Solanum lycopersicum'],plants,Yes,
"Tomatoes, red, ripe, raw, year round average",['Solanum lycopersicum'],plants,Yes,
"Tomatoes, green, raw",['Solanum lycopersicum'],plants,Yes,
"Tomatoes, red, ripe, canned, stewed",['Solanum lycopersicum'],plants,Yes,
"Tomato juice, canned, with salt added",['Solanum lycopersicum'],plants,Yes,
"Eggplant, cooked, boiled, drained, without salt",['Solanum melongena'],plants,Yes,
"Eggplant, raw",['Solanum melongena'],plants,Yes,
"Eggplant, pickled",['Solanum melongena'],plants,Yes,
"Potatoes, mashed, home-prepared, whole milk added",['Solanum tuberosum'],mix,Yes,Removed animals
"Potatoes, boiled, cooked without skin, flesh, without salt",['Solanum tuberosum'],plants,Yes,
"Potatoes, mashed, dehydrated, prepared from flakes without milk, whole milk and butter added",['Solanum tuberosum'],plants,Yes,
"Potatoes, french fried, all types, salt added in processing, frozen, home-prepared, oven heated",['Solanum tuberosum'],plants,Yes,
"Potatoes, boiled, cooked in skin, flesh, without salt",['Solanum tuberosum'],plants,Yes,
"Potatoes, mashed, dehydrated, flakes without milk, dry form",['Solanum tuberosum'],plants,Yes,
"Potato puffs, frozen, oven-heated",['Solanum tuberosum'],plants,Yes,
"Potatoes, hashed brown, frozen, plain, prepared",['Solanum tuberosum'],plants,Yes,
potato starch,['Solanum tuberosum'],plants,Yes,
"Potato, flesh and skin, raw",['Solanum tuberosum'],plants,Yes,
"Potatoes, boiled, cooked without skin, flesh, with salt",['Solanum tuberosum'],plants,Yes,
"Fast foods, potatoes, hashed brown",['Solanum tuberosum'],plants,Yes,
"Fast foods, potato, mashed",['Solanum tuberosum'],plants,Yes,
"Potatoes, mashed, dehydrated, granules with milk, dry form",['Solanum tuberosum'],mix,Yes,Removed animals
"Spinach, cooked, boiled, drained, without salt",['Spinacia oleracea'],plants,Yes,
"Spinach, raw",['Spinacia oleracea'],plants,Yes,
"Spinach, canned, regular pack, drained solids",['Spinacia oleracea'],plants,Yes,
"Pork and beef sausage, fresh, cooked",[],animals,Yes,
Lard,[],animals,Yes,
"Pork, cured, feet, pickled",[],animals,Yes,
"Pork, cured, shoulder, arm picnic, separable lean and fat, roasted",[],animals,Yes,
"Ham, sliced, regular (approximately 11% fat)",[],animals,Yes,
"Ham, sliced, prepackaged (96% fat free, water added)",[],animals,Yes,
"Luncheon meat, pork, canned",[],animals,Yes,
"Ham, chopped, canned",[],animals,Yes,
"Ham, chopped, not canned",[],animals,Yes,
"Ham, minced",[],animals,Yes,
"Braunschweiger (a liver sausage), pork",[],animals,Yes,
"Pork, fresh, composite of trimmed retail cuts (loin and shoulder blade), separable lean and fat, cooked",[],animals,Yes,
"Pork, fresh, shoulder, blade, boston (steaks), separable lean only, cooked, broiled",[],animals,Yes,
"Pepperoni, pork, beef",[],animals,Yes,
"Pork, cured, shoulder, arm picnic, separable lean only, roasted",[],animals,Yes,
"Pork, cured, ham, whole, separable lean and fat, roasted",[],animals,Yes,
"Pork, cured, ham, boneless, extra lean and regular, roasted",[],animals,Yes,
"Pork, cured, ham, extra lean and regular, canned, roasted",[],animals,Yes,
"Pork, cured, ham -- water added, whole, boneless, separable lean and fat, heated, roasted",[],animals,Yes,
"Pork, cured, ham and water product, whole, boneless, separable lean and fat, heated, roasted",[],animals,Yes,
"Pork, cured, ham with natural juices, whole, boneless, separable lean and fat, heated, roasted",[],animals,Yes,
"Pork, cured, ham, whole, separable lean only, roasted",[],animals,Yes,
"Pork, cured, ham and water product, whole, boneless, separable lean only, heated, roasted",[],animals,Yes,
"Pork, cured, ham -- water added, whole, boneless, separable lean only, heated, roasted",[],animals,Yes,
"Pork, cured, ham with natural juices, whole, boneless, separable lean only, heated, roasted",[],animals,Yes,
"Pork, fresh, leg (ham), whole, separable lean and fat, cooked, roasted",[],animals,Yes,
"Pork, fresh, leg (ham), whole, separable lean only, cooked, roasted",[],animals,Yes,
"Pork, cured, ham, boneless, regular (approximately 11% fat), roasted",[],animals,Yes,
"Pork, cured, ham, boneless, low sodium, extra lean and regular, roasted",[],animals,Yes,
"Pork, cured, ham, low sodium, lean and fat, cooked",[],animals,Yes,
"Pork, cured, ham, boneless, low sodium, extra lean (approximately 5% fat), roasted",[],animals,Yes,
Prosciutto ham,[],animals,Yes,
"Pork, cured, ham, extra lean and regular, canned, unheated",[],animals,Yes,
"Pork, cured, ham and water product, whole, boneless, separable lean and fat, unheated",[],animals,Yes,
"Pork, cured, ham -- water added, whole, boneless, separable lean and fat, unheated",[],animals,Yes,
"Pork, cured, ham with natural juices, whole, boneless, separable lean and fat, unheated",[],animals,Yes,
"Pork, cured, ham, regular (approximately 13% fat), canned, unheated",[],animals,Yes,
"Pork, cured, ham, extra lean (approximately 4% fat), canned, unheated",[],animals,Yes,
"Pork, cured, ham and water product, whole, boneless, separable lean only, unheated",[],animals,Yes,
"Pork, cured, ham -- water added, whole, boneless, separable lean only, unheated",[],animals,Yes,
"Pork, cured, ham with natural juices, whole, boneless, separable lean only, unheated",[],animals,Yes,
"Pork, cured, ham, patties, grilled",[],animals,Yes,
"Pork roll,cured,fried",[],animals,Yes,
"Pork, cured, canadian-style bacon, grilled",[],animals,Yes,
"Pork, cured, bacon, cooked, broiled, pan-fried or roasted",[],animals,Yes,
"Pork, cured, bacon, cooked, broiled, pan-fried or roasted, reduced sodium",[],animals,Yes,
"Pork, cured, salt pork, raw",[],animals,Yes,
"Pork, fresh, backfat, raw",[],animals,Yes,
"Cracklings,cooked",[],animals,Yes,
"Snacks, pork skins, plain",[],animals,Yes,
"Pork, fresh, composite of trimmed retail cuts (leg, loin, and shoulder), separable lean only, cooked",[],animals,Yes,
"Animal fat, bacon grease",[],animals,Yes,
"Spices, cloves, ground",['Syzygium aromaticum'],plants,Yes,
"Tamarinds, raw",['Tamarindus indica'],plants,Yes,
"Dandelion greens, raw",['Taraxacum officinale'],plants,Yes,
"Candies, milk chocolate",['Theobroma cacao'],mix,Yes,Removed animals
"Candies, sweet chocolate","['Theobroma cacao', 'Saccharum officinarum']",plants,Yes,
"Cocoa, dry powder, unsweetened, processed with alkali",['Theobroma cacao'],plants,Yes,
"Cocoa, dry powder, hi-fat or breakfast, processed with alkali",['Theobroma cacao'],plants,Yes,
"Baking chocolate, unsweetened, squares",['Theobroma cacao'],plants,Yes,
"Cocoa, dry powder, unsweetened",['Theobroma cacao'],plants,Yes,
"Cocoa mix, no sugar added, powder",['Theobroma cacao'],plants,Yes,
"COCOA,DRY,HI-MED FAT,PLAIN",['Theobroma cacao'],plants,Yes,
"Candies, semisweet chocolate",['Theobroma cacao'],plants,Yes,
"COCOA,DRY,HI-MED FAT,PROC W/ALKALI",['Theobroma cacao'],plants,Yes,
"Fish, tuna, fresh, yellowfin, raw",[],animals,,
"Fish, tuna, fresh, bluefin, raw",[],animals,,
"Spices, thyme, dried",['Thymus vulgaris'],plants,Yes,
"Noodles, egg, cooked, enriched",['Triticum aestivum'],plants,Yes,Removed animals
"Wheat flour, white, all-purpose, unenriched",['Triticum aestivum'],plants,Yes,
"Wheat flour, white, cake, enriched",['Triticum aestivum'],plants,Yes,
"Bread crumbs, dry, grated, plain","['Triticum aestivum', 'Brassica napus', 'Saccharum officinarum'']",plants,Complex,
"Wheat flour, white, all-purpose, enriched, bleached",['Triticum aestivum'],plants,Yes,
"Noodles, egg, cooked, unenriched, without added salt",['Triticum aestivum'],plants,Yes,Removed animals
"Wheat flour, whole-grain",['Triticum aestivum'],plants,Yes,
"Wheat flour, white, bread, enriched",['Triticum aestivum'],plants,Yes,
"Wheat bran, crude",['Triticum aestivum'],plants,Yes,
"wheat flour, high gluten",['Triticum aestivum'],plants,Yes,
"Cereals ready-to-eat, wheat germ, toasted, plain",['Triticum aestivum'],plants,Yes,
"Tortillas, ready-to-bake or -fry, flour, refrigerated",['Triticum aestivum'],plants,Yes,
"Wheat, hard red spring",['Triticum aestivum'],plants,Yes,
Wheat flour industrial 9% protein,['Triticum aestivum'],plants,Yes,
vital wheat gluten,['Triticum aestivum'],plants,Yes,
flour-high gluten,['Triticum aestivum'],plants,Yes,
"Wheat, hard red winter",['Triticum aestivum'],plants,Yes,
"Oil, wheat germ",['Triticum aestivum'],plants,Yes,
"Macaroni, cooked, enriched",['Triticum turgidum subsp. durum'],plants,Yes,
"Spaghetti, cooked, enriched, without added salt",['Triticum turgidum subsp. durum'],plants,Yes,
"Macaroni, dry, enriched",['Triticum turgidum subsp. durum'],plants,Yes,
"Macaroni, cooked, unenriched",['Triticum turgidum subsp. durum'],plants,Yes,
"Seaweed, wakame, raw",['Undaria pinnatifida'],plants,Yes,
"Blueberries, raw","['Vaccinium corymbosum', 'Vaccinium angustifolium']",plants,Yes,
"Blueberries, frozen, unsweetened","['Vaccinium corymbosum', 'Vaccinium angustifolium']",plants,Yes,
"Blueberries, canned, heavy syrup, solids and liquids","['Vaccinium corymbosum', 'Vaccinium angustifolium']",plants,Yes,
"Blueberries, frozen, sweetened","['Vaccinium corymbosum', 'Vaccinium angustifolium']",plants,Yes,
"Cranberries, raw",['Vaccinium macrocarpon'],plants,Yes,
"Cranberries, dried, sweetened",['Vaccinium macrocarpon'],plants,Yes,
"Cranberry sauce, canned, sweetened",['Vaccinium macrocarpon'],plants,Yes,
"Cranberry juice, unsweetened",['Vaccinium macrocarpon'],plants,Yes,
"Vanilla extract, imitation, no alcohol",['Vanilla planifolia'],plants,Yes,
"Cellulose (Alpha-cellulose, powdered cellulose, and poly-cellulose)",[],plants,Exclude,Many sources listed - unclear plant species source
"Mung beans, mature seeds, sprouted, cooked, boiled, drained, without salt",['Vigna radiata'],plants,Yes,
"Mung beans, mature seeds, sprouted, raw",['Vigna radiata'],plants,Yes,
"Grapes, american type (slip skin), raw",['Vitis labrusca'],plants,Yes,
"Raisins, seedless",['Vitis vinifera'],plants,Yes,
"Alcoholic beverage, wine, dessert, sweet",['Vitis vinifera'],plants,Yes,
"Alcoholic beverage, wine, table, all",['Vitis vinifera'],plants,Yes,
"Wine, non-alcoholic",['Vitis vinifera'],plants,Yes,
"Currants, zante, dried",['Vitis vinifera'],plants,Yes,
"Grapes, red or green (European type, such as Thompson seedless), raw",['Vitis vinifera'],plants,Yes,
"Grapes, canned, thompson seedless, heavy syrup pack, solids and liquids",['Vitis vinifera'],plants,Yes,
"Grape juice cocktail, frozen concentrate, undiluted, with added ascorbic acid",['Vitis vinifera'],plants,Yes,
"Grape juice, canned or bottled, unsweetened, with added ascorbic acid",['Vitis vinifera'],plants,Yes,
"Grape juice, canned or bottled, unsweetened, without added ascorbic acid",['Vitis vinifera'],plants,Yes,
"Alcoholic beverage, wine, table, red",['Vitis vinifera'],plants,Yes,
"Alcoholic beverage, wine, table, white",['Vitis vinifera'],plants,Yes,
"Alcoholic beverage, wine, cooking",['Vitis vinifera'],plants,Yes,
"Snacks, popcorn, air-popped",['Zea mays'],plants,Yes,
"Corn, sweet, yellow, canned, whole kernel, drained solids",['Zea mays'],plants,Yes,
"Corn, sweet, white, canned, whole kernel, drained solids",['Zea mays'],plants,Yes,
"Oil, corn, peanut, and olive","['Zea mays', 'Arachis hypogaea', 'Olea europaea']",plants,Complex,
"Sweeteners, tabletop, fructose, liquid",[],plants,Yes,
Food starch,"['Zea mays', 'Solanum tuberosum', 'Triticum aestivum', 'Oryza sativa', 'Manihot esculenta']",plants,Yes,
Modified food starch,"['Zea mays', 'Solanum tuberosum', 'Triticum aestivum', 'Oryza sativa', 'Manihot esculenta']",plants,Yes,
Maltodextrin,"['Zea mays', 'Triticum aestivum', 'Solanum tuberosum', 'Oryza sativa']",plants,Yes,
"Sugars, dextrose, anhydrous",['Zea mays'],plants,Yes,
Cornstarch,['Zea mays'],plants,Yes,
"Oil, corn, industrial and retail, all purpose salad or cooking",['Zea mays'],plants,Yes,
"Corn, sweet, yellow, cooked, boiled, drained, without salt",['Zea mays'],plants,Yes,
"Syrups, corn, light",['Zea mays'],plants,Yes,
"Corn, sweet, yellow, frozen, kernels cut off cob, boiled, drained, without salt",['Zea mays'],plants,Yes,
"Syrups, corn, high-fructose",['Zea mays'],plants,Yes,
"Cornmeal, degermed, enriched, yellow",['Zea mays'],plants,Yes,
"Cornmeal, whole-grain, white",['Zea mays'],plants,Yes,
"Corn flour, masa, enriched, white",['Zea mays'],plants,Yes,
"Corn flour, masa, unenriched, white",['Zea mays'],plants,Yes,
"Syrups, corn, dark",['Zea mays'],plants,Yes,
dextrose,['Zea mays'],plants,Yes,
HI FRUCTOSE CORN SYRUP SOLIDS,['Zea mays'],plants,Yes,
"Corn flour, whole-grain, yellow",['Zea mays'],plants,Yes,
CORN SYRUP SOLIDS,['Zea mays'],plants,Yes,
"Corn bran, crude",['Zea mays'],plants,Yes,
"Cereals, corn grits, yellow, regular and quick, enriched, dry",['Zea mays'],plants,Yes,
"Cornmeal, degermed, unenriched, yellow",['Zea mays'],plants,Yes,
"Corn, sweet, yellow, frozen, kernels cut off cob, unprepared",['Zea mays'],plants,Yes,
"Tortillas, ready-to-bake or -fry, corn",['Zea mays'],plants,Yes,
"Corn, sweet, yellow, raw",['Zea mays'],plants,Yes,
"Hominy, canned, white",['Zea mays'],plants,Yes,
"Ginger root, raw",['Zingiber officinale'],plants,Yes,
"Wild rice, raw","['Zizania aquatica', 'Zizania palustris', 'Zizania texana', 'Zizania latifolia']",plants,Yes,
"Wild rice, cooked","['Zizania aquatica', 'Zizania palustris', 'Zizania texana', 'Zizania latifolia']",plants,Yes,
Added calcium,[],NA,Yes,
"Water, tap, municipal",[],NA,Yes,
"Water, tap, drinking",[],NA,Yes,
"Leavening agents, baking powder, double-acting, sodium aluminum sulfate",[],NA,Yes,
"Salt, table",[],NA,Yes,
"Bockwurst, pork, veal, raw",[],animals,Yes,
"Bratwurst, pork, cooked",[],animals,Yes,
"Bratswurst, beef, cooked",[],animals,Yes,
"Bologna, beef, low fat",[],animals,Yes,
"Lebanon bologna, beef",[],animals,Yes,
"Bologna ring,smoked",[],animals,Yes,
"Bologna, pork",[],animals,Yes,
"Beef, bologna, reduced sodium",[],animals,Yes,
Capicola,[],animals,Yes,
"Headcheese, pork",[],animals,Yes,
"Sausage, Italian, pork, cooked",[],animals,Yes,
"Pork sausage, fresh, cooked",[],animals,Yes,
"Pork sausage, pre-cooked",[],animals,Yes,
METTWURST,[],animals,Yes,
"Smoked link sausage, pork",[],animals,Yes,
"Sausage, turkey, breakfast links, mild",[],animals,Yes,
"Sausage, turkey, hot, smoked",[],animals,Yes,
"Turkey sausage, reduced fat, brown and serve, cooked (include BUTTERBALL breakfast links turkey sausage)",[],animals,Yes,
"Sausage, Vienna, canned, chicken, beef, pork",[],animals,Yes,
"Fish, salmon, pink, canned, total can contents",[],animals,Yes,
"Fish, salmon, sockeye, canned, drained solids",[],animals,Yes,
"Fish, tuna, light, canned in water, drained solids",[],animals,Yes,
"Fish, tuna, white, canned in water, drained solids",[],animals,Yes,
"Fish, cisco, smoked",[],animals,Yes,
"Fish, salmon, chinook, smoked",[],animals,Yes,
"Fish, whitefish, mixed species, smoked",[],animals,Yes,
"Fish, flatfish (flounder and sole species), raw",[],animals,Yes,
"Fish, herring, Atlantic, raw",[],animals,Yes,
"Fish, herring, Atlantic, pickled",[],animals,Yes,
"Fish, herring, Atlantic, kippered",[],animals,Yes,
"Fish, mackerel, Atlantic, raw",[],animals,Yes,
"Fish, mackerel, Pacific and jack, mixed species, raw",[],animals,Yes,
"Fish, mackerel, jack, canned, drained solids",[],animals,Yes,
"Fish, ocean perch, Atlantic, raw",[],animals,Yes,
"Fish, pompano, florida, raw",[],animals,Yes,
"Fish, salmon, coho, wild, raw",[],animals,Yes,
"Fish, salmon, pink, raw",[],animals,Yes,
"Fish, salmon, chum, canned, drained solids with bone",[],animals,Yes,
"Sardines,cnd",[],animals,Yes,
"Fish, trout, mixed species, raw",[],animals,Yes,
"Fish, caviar, black and red, granular",[],animals,Yes,
"Mollusks, squid, mixed species, raw",[],animals,Yes,
"Mollusks, clam, mixed species, raw",[],animals,Yes,
"Crustaceans, shrimp, mixed species, canned",[],animals,Yes,
"Shortening, vegetable, household, composite","['Glycine max', 'Gossypium hirsutum']",plants,Yes,
"Chicken, broilers or fryers, separable fat, raw",[],animals,,
"Chicken, broilers or fryers, meat only, roasted",[],animals,,
"Soup, chicken broth or bouillon, dehydrated, prepared with water",[],animals,,
"Chicken, broilers or fryers, breast, meat only, cooked, fried",[],animals,,
"Chicken, broilers or fryers, breast, meat only, cooked, roasted",[],animals,,
"Egg, whole, dried",[],animals,,
MODIFIED FOOD STARCH,"['Zea mays', 'Solanum tuberosum', 'Triticum aestivum', 'Oryza sativa', 'Manihot esculenta']",plants,Yes,
"Sweeteners, tabletop, fructose, dry, powder",[],NA,Yes,
"Vinegar, distilled",[],NA,Yes,
Honey,[],animals,Yes,
"Leavening agents, baking soda",[],NA,Complex,
"Leavening agents, baking powder, double-acting, straight phosphate",[],NA,Yes,
"Gelatins, dry powder, unsweetened",[],animals,,
"Leavening agents, baking powder, low-sodium",[],NA,Yes,
"Sweeteners, tabletop, saccharin",[],NA,Yes,
"Leavening agents, cream of tartar",[],NA,Yes,
modified food starch,"['Zea mays', 'Solanum tuberosum', 'Triticum aestivum', 'Oryza sativa', 'Manihot esculenta']",mix,Yes,
"Soup, chicken broth, low sodium, canned",[],animals,Yes,
Added Ascorbic acid,[],NA,Yes,
Sorbitol,[],NA,Yes,
Citric acid,[],NA,Yes,
"Sweeteners, tabletop, aspartame, EQUAL, packets",[],NA,Yes,
"Sweeteners, tabletop, sucralose, SPLENDA packets",[],plants,Yes,
Polydextrose,[],plants,Yes,
sugar twin,[],plants,Yes,
"Gelatin desserts, dry mix",[],animals,Yes,
"Cream substitute, powdered",[],animals,Yes,
"Carbonated beverage, tonic water",[],NA,Yes,
"Carbonated beverage, club soda",[],NA,Yes,
"Carbonated beverage, low calorie, other than cola or pepper,  without caffeine",[],NA,Yes,
"Water, bottled, generic",[],NA,Yes,